{
  "event_type": "1to2",
  "baseline": -1,
  "t_vals": [
    -6,
    -5,
    -4,
    -3,
    -2,
    0,
    1,
    2,
    3,
    4,
    5,
    6
  ],
  "coef": {
    "intercept": -0.0014721391220009136,
    "baseline": -1,
    "-6": 1.2329471908119924,
    "-5": 1.4003878209123501,
    "-4": 0.6058273247738947,
    "-3": 0.11737238849980028,
    "-2": -0.019133265857454534,
    "0": -0.018110712493742298,
    "1": 0.10331081061404568,
    "2": 0.18326224874970087,
    "3": 0.7403968174714874,
    "4": 1.3600202667650816,
    "5": 1.5477160610328689,
    "6": 1.2555610278187004
  },
  "std_error": {
    "intercept": 0.0011732251661630466,
    "-6": 0.025701512022006143,
    "-5": 0.1369932969726521,
    "-4": 0.052239454239842886,
    "-3": 0.02453277800766445,
    "-2": 0.025544801986384962,
    "0": 0.03346305434487537,
    "1": 0.026497080626096937,
    "2": 0.025650412029389048,
    "3": 0.026905062919486803,
    "4": 0.032005795470281845,
    "5": 0.02692802061550543,
    "6": 0.026002944094499873
  },
  "t_stat": {
    "intercept": -1.254779699974767,
    "-6": 47.971776514794875,
    "-5": 10.222309060799585,
    "-4": 11.597122014185054,
    "-3": 4.784308913696247,
    "-2": -0.7490081883450226,
    "0": -0.5412151654505448,
    "1": 3.8989506833554715,
    "2": 7.14461227912158,
    "3": 27.51886586131091,
    "4": 42.49293750651795,
    "5": 57.47604263722519,
    "6": 48.285341200432605
  },
  "n_obs": 5154490,
  "n_clusters": 408843,
  "r2": 0.011212833623821972,
  "covariables": {
    "categoricas": [
      "coddis",
      "codcat",
      "codtis",
      "codmof"
    ],
    "numericas": [
      "hoxdia",
      "diasem"
    ],
    "tendencia": "mes_abs"
  }
}