{
  "modelo": "Series Temporales",
  "timestamp": "2026-02-02T13:30:27.352886",
  "analisis": [
    {
      "nombre": "TOTAL (todos los distritos)",
      "n_puntos": 36,
      "media": 44355876.77130549,
      "std": 2159715.0465171076,
      "min": 40515694.4199995,
      "max": 48327045.0,
      "adf_statistic": -2.5425778593129884,
      "adf_pvalue": 0.10545528636393792,
      "es_estacionaria": "False",
      "tendencia_inicio": 43886342.99758033,
      "tendencia_fin": 45330456.14994628,
      "tendencia_cambio_pct": 3.290575276335006,
      "estacionalidad_max": 3720288.4559467505,
      "estacionalidad_min": -2616450.382285491,
      "estacionalidad_amplitud": 6336738.838232242,
      "patron_mensual": {
        "1": -85405.44589316132,
        "2": 3720288.4559467505,
        "3": 2585383.035089291,
        "4": 1484417.3506768567,
        "5": 1355291.9009658133,
        "6": 391088.22512517095,
        "7": -2476739.5357135986,
        "8": -2616450.382285491,
        "9": -2001482.7464453431,
        "10": -1065841.952379797,
        "11": -798594.8322057094,
        "12": -491954.0728807825
      }
    },
    {
      "nombre": "SAN JUAN DE LURIGANCHO",
      "n_puntos": 36,
      "media": 3773264.6464465912,
      "std": 274490.4417846003,
      "min": 2986054.130780887,
      "max": 4231696.0,
      "adf_statistic": -4.201051827492745,
      "adf_pvalue": 0.0006562041141325112,
      "es_estacionaria": "True",
      "tendencia_inicio": 3666837.523858766,
      "tendencia_fin": 3871583.2321557957,
      "tendencia_cambio_pct": 5.583713676017132,
      "estacionalidad_max": 437237.67616572446,
      "estacionalidad_min": -420025.60905818077,
      "estacionalidad_amplitud": 857263.2852239052,
      "patron_mensual": {
        "1": 45983.95242169829,
        "2": 437237.67616572446,
        "3": 315604.9453444619,
        "4": 226936.25264761903,
        "5": 221588.042230845,
        "6": -16495.114814821824,
        "7": -289212.8913236411,
        "8": -254476.66073723158,
        "9": -420025.60905818077,
        "10": -208934.66465692452,
        "11": -36248.46189457057,
        "12": -21957.466324978235
      }
    },
    {
      "nombre": "SAN MARTIN DE PORRES",
      "n_puntos": 36,
      "media": 3100582.2853257884,
      "std": 151579.73908087815,
      "min": 2825823.2402869724,
      "max": 3370869.0,
      "adf_statistic": -3.7920211519596365,
      "adf_pvalue": 0.0029900121488195828,
      "es_estacionaria": "True",
      "tendencia_inicio": 3081592.4538051663,
      "tendencia_fin": 3136140.0817286083,
      "tendencia_cambio_pct": 1.770111678982289,
      "estacionalidad_max": 242400.4717607943,
      "estacionalidad_min": -151929.78457112703,
      "estacionalidad_amplitud": 394330.2563319213,
      "patron_mensual": {
        "1": 14469.886762314243,
        "2": 242400.4717607943,
        "3": 147433.57678087312,
        "4": 97118.81408817018,
        "5": 153849.65242058784,
        "6": 62261.389290818246,
        "7": -151218.10757766757,
        "8": -151929.78457112703,
        "9": -109844.72927611298,
        "10": -110015.0500774926,
        "11": -54165.66971465293,
        "12": -140360.4498865048
      }
    },
    {
      "nombre": "ATE",
      "n_puntos": 36,
      "media": 2378958.6677964972,
      "std": 119277.07272872017,
      "min": 2146791.559999942,
      "max": 2628638.1200000765,
      "adf_statistic": -3.77384883891218,
      "adf_pvalue": 0.003186498766475457,
      "es_estacionaria": "True",
      "tendencia_inicio": 2404725.686708482,
      "tendencia_fin": 2369995.5375300506,
      "tendencia_cambio_pct": -1.4442457769879402,
      "estacionalidad_max": 159974.96011335222,
      "estacionalidad_min": -146054.28239946108,
      "estacionalidad_amplitud": 306029.2425128133,
      "patron_mensual": {
        "1": -62044.37864582095,
        "2": 158956.6173979296,
        "3": 159974.96011335222,
        "4": 85647.69178413582,
        "5": 79326.49428393302,
        "6": -438.2759636733099,
        "7": -146054.28239946108,
        "8": -127845.46285025257,
        "9": -46264.604871923744,
        "10": -12349.35677433986,
        "11": -76920.2255090265,
        "12": -11989.176564852649
      }
    },
    {
      "nombre": "SANTIAGO DE SURCO",
      "n_puntos": 36,
      "media": 2289837.5205877027,
      "std": 119056.02009888305,
      "min": 2043350.2299999353,
      "max": 2486139.769999884,
      "adf_statistic": -2.918636804661989,
      "adf_pvalue": 0.04322331753139335,
      "es_estacionaria": "True",
      "tendencia_inicio": 2255835.2945399163,
      "tendencia_fin": 2342467.422593713,
      "tendencia_cambio_pct": 3.8403569739104304,
      "estacionalidad_max": 169307.72313978765,
      "estacionalidad_min": -154664.4635960757,
      "estacionalidad_amplitud": 323972.18673586333,
      "patron_mensual": {
        "1": -27103.494373509584,
        "2": 169307.72313978765,
        "3": 102556.48291136052,
        "4": 65429.35371552136,
        "5": 147259.2272500229,
        "6": 49551.562119710805,
        "7": -137352.9266355549,
        "8": -154664.4635960757,
        "9": -92678.93944814608,
        "10": -57589.496427175975,
        "11": -50770.78845827972,
        "12": -13944.240197661255
      }
    },
    {
      "nombre": "LIMA (CERCADO)",
      "n_puntos": 36,
      "media": 1949214.9939068658,
      "std": 91032.91242347528,
      "min": 1780775.6500000933,
      "max": 2117075.840000058,
      "adf_statistic": -3.25233650374586,
      "adf_pvalue": 0.017148194267755986,
      "es_estacionaria": "True",
      "tendencia_inicio": 1913324.267040778,
      "tendencia_fin": 2009571.743442213,
      "tendencia_cambio_pct": 5.030379745838642,
      "estacionalidad_max": 131266.07167874466,
      "estacionalidad_min": -109764.05789088001,
      "estacionalidad_amplitud": 241030.12956962467,
      "patron_mensual": {
        "1": -52727.63268928087,
        "2": 131266.07167874466,
        "3": 89605.09664728602,
        "4": 76752.28330683502,
        "5": 94579.97829537354,
        "6": 16220.616205428872,
        "7": -109764.05789088,
        "8": -85423.63747613979,
        "9": -65665.6424680076,
        "10": -54386.57372423235,
        "11": -28664.345651888958,
        "12": -11792.156233238493
      }
    }
  ]
}